date_id,award_date,year,quarter,month
1,2018-01-01,2018,1,1
2,2018-01-02,2018,1,1
3,2018-01-03,2018,1,1
4,2018-01-04,2018,1,1
5,2018-01-05,2018,1,1
6,2018-01-06,2018,1,1
7,2018-01-07,2018,1,1
8,2018-01-08,2018,1,1
9,2018-01-09,2018,1,1
10,2018-01-10,2018,1,1
11,2018-01-11,2018,1,1
12,2018-01-12,2018,1,1
13,2018-01-13,2018,1,1
14,2018-01-14,2018,1,1
15,2018-01-15,2018,1,1
16,2018-01-16,2018,1,1
17,2018-01-17,2018,1,1
18,2018-01-18,2018,1,1
19,2018-01-19,2018,1,1
20,2018-01-20,2018,1,1
21,2018-01-21,2018,1,1
22,2018-01-22,2018,1,1
23,2018-01-23,2018,1,1
24,2018-01-24,2018,1,1
25,2018-01-25,2018,1,1
26,2018-01-26,2018,1,1
27,2018-01-27,2018,1,1
28,2018-01-28,2018,1,1
29,2018-01-29,2018,1,1
30,2018-01-30,2018,1,1
31,2018-01-31,2018,1,1
32,2018-02-01,2018,1,2
33,2018-02-02,2018,1,2
34,2018-02-03,2018,1,2
35,2018-02-04,2018,1,2
36,2018-02-05,2018,1,2
37,2018-02-06,2018,1,2
38,2018-02-07,2018,1,2
39,2018-02-08,2018,1,2
40,2018-02-09,2018,1,2
41,2018-02-10,2018,1,2
42,2018-02-11,2018,1,2
43,2018-02-12,2018,1,2
44,2018-02-13,2018,1,2
45,2018-02-14,2018,1,2
46,2018-02-15,2018,1,2
47,2018-02-16,2018,1,2
48,2018-02-17,2018,1,2
49,2018-02-18,2018,1,2
50,2018-02-19,2018,1,2
51,2018-02-20,2018,1,2
52,2018-02-21,2018,1,2
53,2018-02-22,2018,1,2
54,2018-02-23,2018,1,2
55,2018-02-24,2018,1,2
56,2018-02-25,2018,1,2
57,2018-02-26,2018,1,2
58,2018-02-27,2018,1,2
59,2018-02-28,2018,1,2
60,2018-03-01,2018,1,3
61,2018-03-02,2018,1,3
62,2018-03-03,2018,1,3
63,2018-03-04,2018,1,3
64,2018-03-05,2018,1,3
65,2018-03-06,2018,1,3
66,2018-03-07,2018,1,3
67,2018-03-08,2018,1,3
68,2018-03-09,2018,1,3
69,2018-03-10,2018,1,3
70,2018-03-11,2018,1,3
71,2018-03-12,2018,1,3
72,2018-03-13,2018,1,3
73,2018-03-14,2018,1,3
74,2018-03-15,2018,1,3
75,2018-03-16,2018,1,3
76,2018-03-17,2018,1,3
77,2018-03-18,2018,1,3
78,2018-03-19,2018,1,3
79,2018-03-20,2018,1,3
80,2018-03-21,2018,1,3
81,2018-03-22,2018,1,3
82,2018-03-23,2018,1,3
83,2018-03-24,2018,1,3
84,2018-03-25,2018,1,3
85,2018-03-26,2018,1,3
86,2018-03-27,2018,1,3
87,2018-03-28,2018,1,3
88,2018-03-29,2018,1,3
89,2018-03-30,2018,1,3
90,2018-03-31,2018,1,3
91,2018-04-01,2018,2,4
92,2018-04-02,2018,2,4
93,2018-04-03,2018,2,4
94,2018-04-04,2018,2,4
95,2018-04-05,2018,2,4
96,2018-04-06,2018,2,4
97,2018-04-07,2018,2,4
98,2018-04-08,2018,2,4
99,2018-04-09,2018,2,4
100,2018-04-10,2018,2,4
101,2018-04-11,2018,2,4
102,2018-04-12,2018,2,4
103,2018-04-13,2018,2,4
104,2018-04-14,2018,2,4
105,2018-04-15,2018,2,4
106,2018-04-16,2018,2,4
107,2018-04-17,2018,2,4
108,2018-04-18,2018,2,4
109,2018-04-19,2018,2,4
110,2018-04-20,2018,2,4
111,2018-04-21,2018,2,4
112,2018-04-22,2018,2,4
113,2018-04-23,2018,2,4
114,2018-04-24,2018,2,4
115,2018-04-25,2018,2,4
116,2018-04-26,2018,2,4
117,2018-04-27,2018,2,4
118,2018-04-28,2018,2,4
119,2018-04-29,2018,2,4
120,2018-04-30,2018,2,4
121,2018-05-01,2018,2,5
122,2018-05-02,2018,2,5
123,2018-05-03,2018,2,5
124,2018-05-04,2018,2,5
125,2018-05-05,2018,2,5
126,2018-05-06,2018,2,5
127,2018-05-07,2018,2,5
128,2018-05-08,2018,2,5
129,2018-05-09,2018,2,5
130,2018-05-10,2018,2,5
131,2018-05-11,2018,2,5
132,2018-05-12,2018,2,5
133,2018-05-13,2018,2,5
134,2018-05-14,2018,2,5
135,2018-05-15,2018,2,5
136,2018-05-16,2018,2,5
137,2018-05-17,2018,2,5
138,2018-05-18,2018,2,5
139,2018-05-19,2018,2,5
140,2018-05-20,2018,2,5
141,2018-05-21,2018,2,5
142,2018-05-22,2018,2,5
143,2018-05-23,2018,2,5
144,2018-05-24,2018,2,5
145,2018-05-25,2018,2,5
146,2018-05-26,2018,2,5
147,2018-05-27,2018,2,5
148,2018-05-28,2018,2,5
149,2018-05-29,2018,2,5
150,2018-05-30,2018,2,5
151,2018-05-31,2018,2,5
152,2018-06-01,2018,2,6
153,2018-06-02,2018,2,6
154,2018-06-03,2018,2,6
155,2018-06-04,2018,2,6
156,2018-06-05,2018,2,6
157,2018-06-06,2018,2,6
158,2018-06-07,2018,2,6
159,2018-06-08,2018,2,6
160,2018-06-09,2018,2,6
161,2018-06-10,2018,2,6
162,2018-06-11,2018,2,6
163,2018-06-12,2018,2,6
164,2018-06-13,2018,2,6
165,2018-06-14,2018,2,6
166,2018-06-15,2018,2,6
167,2018-06-16,2018,2,6
168,2018-06-17,2018,2,6
169,2018-06-18,2018,2,6
170,2018-06-19,2018,2,6
171,2018-06-20,2018,2,6
172,2018-06-21,2018,2,6
173,2018-06-22,2018,2,6
174,2018-06-23,2018,2,6
175,2018-06-24,2018,2,6
176,2018-06-25,2018,2,6
177,2018-06-26,2018,2,6
178,2018-06-27,2018,2,6
179,2018-06-28,2018,2,6
180,2018-06-29,2018,2,6
181,2018-06-30,2018,2,6
182,2018-07-01,2018,3,7
183,2018-07-02,2018,3,7
184,2018-07-03,2018,3,7
185,2018-07-04,2018,3,7
186,2018-07-05,2018,3,7
187,2018-07-06,2018,3,7
188,2018-07-07,2018,3,7
189,2018-07-08,2018,3,7
190,2018-07-09,2018,3,7
191,2018-07-10,2018,3,7
192,2018-07-11,2018,3,7
193,2018-07-12,2018,3,7
194,2018-07-13,2018,3,7
195,2018-07-14,2018,3,7
196,2018-07-15,2018,3,7
197,2018-07-16,2018,3,7
198,2018-07-17,2018,3,7
199,2018-07-18,2018,3,7
200,2018-07-19,2018,3,7
201,2018-07-20,2018,3,7
202,2018-07-21,2018,3,7
203,2018-07-22,2018,3,7
204,2018-07-23,2018,3,7
205,2018-07-24,2018,3,7
206,2018-07-25,2018,3,7
207,2018-07-26,2018,3,7
208,2018-07-27,2018,3,7
209,2018-07-28,2018,3,7
210,2018-07-29,2018,3,7
211,2018-07-30,2018,3,7
212,2018-07-31,2018,3,7
213,2018-08-01,2018,3,8
214,2018-08-02,2018,3,8
215,2018-08-03,2018,3,8
216,2018-08-04,2018,3,8
217,2018-08-05,2018,3,8
218,2018-08-06,2018,3,8
219,2018-08-07,2018,3,8
220,2018-08-08,2018,3,8
221,2018-08-09,2018,3,8
222,2018-08-10,2018,3,8
223,2018-08-11,2018,3,8
224,2018-08-12,2018,3,8
225,2018-08-13,2018,3,8
226,2018-08-14,2018,3,8
227,2018-08-15,2018,3,8
228,2018-08-16,2018,3,8
229,2018-08-17,2018,3,8
230,2018-08-18,2018,3,8
231,2018-08-19,2018,3,8
232,2018-08-20,2018,3,8
233,2018-08-21,2018,3,8
234,2018-08-22,2018,3,8
235,2018-08-23,2018,3,8
236,2018-08-24,2018,3,8
237,2018-08-25,2018,3,8
238,2018-08-26,2018,3,8
239,2018-08-27,2018,3,8
240,2018-08-28,2018,3,8
241,2018-08-29,2018,3,8
242,2018-08-30,2018,3,8
243,2018-08-31,2018,3,8
244,2018-09-01,2018,3,9
245,2018-09-02,2018,3,9
246,2018-09-03,2018,3,9
247,2018-09-04,2018,3,9
248,2018-09-05,2018,3,9
249,2018-09-06,2018,3,9
250,2018-09-07,2018,3,9
251,2018-09-08,2018,3,9
252,2018-09-09,2018,3,9
253,2018-09-10,2018,3,9
254,2018-09-11,2018,3,9
255,2018-09-12,2018,3,9
256,2018-09-13,2018,3,9
257,2018-09-14,2018,3,9
258,2018-09-15,2018,3,9
259,2018-09-16,2018,3,9
260,2018-09-17,2018,3,9
261,2018-09-18,2018,3,9
262,2018-09-19,2018,3,9
263,2018-09-20,2018,3,9
264,2018-09-21,2018,3,9
265,2018-09-22,2018,3,9
266,2018-09-23,2018,3,9
267,2018-09-24,2018,3,9
268,2018-09-25,2018,3,9
269,2018-09-26,2018,3,9
270,2018-09-27,2018,3,9
271,2018-09-28,2018,3,9
272,2018-09-29,2018,3,9
273,2018-09-30,2018,3,9
274,2018-10-01,2018,4,10
275,2018-10-02,2018,4,10
276,2018-10-03,2018,4,10
277,2018-10-04,2018,4,10
278,2018-10-05,2018,4,10
279,2018-10-06,2018,4,10
280,2018-10-07,2018,4,10
281,2018-10-08,2018,4,10
282,2018-10-09,2018,4,10
283,2018-10-10,2018,4,10
284,2018-10-11,2018,4,10
285,2018-10-12,2018,4,10
286,2018-10-13,2018,4,10
287,2018-10-14,2018,4,10
288,2018-10-15,2018,4,10
289,2018-10-16,2018,4,10
290,2018-10-17,2018,4,10
291,2018-10-18,2018,4,10
292,2018-10-19,2018,4,10
293,2018-10-20,2018,4,10
294,2018-10-21,2018,4,10
295,2018-10-22,2018,4,10
296,2018-10-23,2018,4,10
297,2018-10-24,2018,4,10
298,2018-10-25,2018,4,10
299,2018-10-26,2018,4,10
300,2018-10-27,2018,4,10
301,2018-10-28,2018,4,10
302,2018-10-29,2018,4,10
303,2018-10-30,2018,4,10
304,2018-10-31,2018,4,10
305,2018-11-01,2018,4,11
306,2018-11-02,2018,4,11
307,2018-11-03,2018,4,11
308,2018-11-04,2018,4,11
309,2018-11-05,2018,4,11
310,2018-11-06,2018,4,11
311,2018-11-07,2018,4,11
312,2018-11-08,2018,4,11
313,2018-11-09,2018,4,11
314,2018-11-10,2018,4,11
315,2018-11-11,2018,4,11
316,2018-11-12,2018,4,11
317,2018-11-13,2018,4,11
318,2018-11-14,2018,4,11
319,2018-11-15,2018,4,11
320,2018-11-16,2018,4,11
321,2018-11-17,2018,4,11
322,2018-11-18,2018,4,11
323,2018-11-19,2018,4,11
324,2018-11-20,2018,4,11
325,2018-11-21,2018,4,11
326,2018-11-22,2018,4,11
327,2018-11-23,2018,4,11
328,2018-11-24,2018,4,11
329,2018-11-25,2018,4,11
330,2018-11-26,2018,4,11
331,2018-11-27,2018,4,11
332,2018-11-28,2018,4,11
333,2018-11-29,2018,4,11
334,2018-11-30,2018,4,11
335,2018-12-01,2018,4,12
336,2018-12-02,2018,4,12
337,2018-12-03,2018,4,12
338,2018-12-04,2018,4,12
339,2018-12-05,2018,4,12
340,2018-12-06,2018,4,12
341,2018-12-07,2018,4,12
342,2018-12-08,2018,4,12
343,2018-12-09,2018,4,12
344,2018-12-10,2018,4,12
345,2018-12-11,2018,4,12
346,2018-12-12,2018,4,12
347,2018-12-13,2018,4,12
348,2018-12-14,2018,4,12
349,2018-12-15,2018,4,12
350,2018-12-16,2018,4,12
351,2018-12-17,2018,4,12
352,2018-12-18,2018,4,12
353,2018-12-19,2018,4,12
354,2018-12-20,2018,4,12
355,2018-12-21,2018,4,12
356,2018-12-22,2018,4,12
357,2018-12-23,2018,4,12
358,2018-12-24,2018,4,12
359,2018-12-25,2018,4,12
360,2018-12-26,2018,4,12
361,2018-12-27,2018,4,12
362,2018-12-28,2018,4,12
363,2018-12-29,2018,4,12
364,2018-12-30,2018,4,12
365,2018-12-31,2018,4,12
366,2019-01-01,2019,1,1
367,2019-01-02,2019,1,1
368,2019-01-03,2019,1,1
369,2019-01-04,2019,1,1
370,2019-01-05,2019,1,1
371,2019-01-06,2019,1,1
372,2019-01-07,2019,1,1
373,2019-01-08,2019,1,1
374,2019-01-09,2019,1,1
375,2019-01-10,2019,1,1
376,2019-01-11,2019,1,1
377,2019-01-12,2019,1,1
378,2019-01-13,2019,1,1
379,2019-01-14,2019,1,1
380,2019-01-15,2019,1,1
381,2019-01-16,2019,1,1
382,2019-01-17,2019,1,1
383,2019-01-18,2019,1,1
384,2019-01-19,2019,1,1
385,2019-01-20,2019,1,1
386,2019-01-21,2019,1,1
387,2019-01-22,2019,1,1
388,2019-01-23,2019,1,1
389,2019-01-24,2019,1,1
390,2019-01-25,2019,1,1
391,2019-01-26,2019,1,1
392,2019-01-27,2019,1,1
393,2019-01-28,2019,1,1
394,2019-01-29,2019,1,1
395,2019-01-30,2019,1,1
396,2019-01-31,2019,1,1
397,2019-02-01,2019,1,2
398,2019-02-02,2019,1,2
399,2019-02-03,2019,1,2
400,2019-02-04,2019,1,2
401,2019-02-05,2019,1,2
402,2019-02-06,2019,1,2
403,2019-02-07,2019,1,2
404,2019-02-08,2019,1,2
405,2019-02-09,2019,1,2
406,2019-02-10,2019,1,2
407,2019-02-11,2019,1,2
408,2019-02-12,2019,1,2
409,2019-02-13,2019,1,2
410,2019-02-14,2019,1,2
411,2019-02-15,2019,1,2
412,2019-02-16,2019,1,2
413,2019-02-17,2019,1,2
414,2019-02-18,2019,1,2
415,2019-02-19,2019,1,2
416,2019-02-20,2019,1,2
417,2019-02-21,2019,1,2
418,2019-02-22,2019,1,2
419,2019-02-23,2019,1,2
420,2019-02-24,2019,1,2
421,2019-02-25,2019,1,2
422,2019-02-26,2019,1,2
423,2019-02-27,2019,1,2
424,2019-02-28,2019,1,2
425,2019-03-01,2019,1,3
426,2019-03-02,2019,1,3
427,2019-03-03,2019,1,3
428,2019-03-04,2019,1,3
429,2019-03-05,2019,1,3
430,2019-03-06,2019,1,3
431,2019-03-07,2019,1,3
432,2019-03-08,2019,1,3
433,2019-03-09,2019,1,3
434,2019-03-10,2019,1,3
435,2019-03-11,2019,1,3
436,2019-03-12,2019,1,3
437,2019-03-13,2019,1,3
438,2019-03-14,2019,1,3
439,2019-03-15,2019,1,3
440,2019-03-16,2019,1,3
441,2019-03-17,2019,1,3
442,2019-03-18,2019,1,3
443,2019-03-19,2019,1,3
444,2019-03-20,2019,1,3
445,2019-03-21,2019,1,3
446,2019-03-22,2019,1,3
447,2019-03-23,2019,1,3
448,2019-03-24,2019,1,3
449,2019-03-25,2019,1,3
450,2019-03-26,2019,1,3
451,2019-03-27,2019,1,3
452,2019-03-28,2019,1,3
453,2019-03-29,2019,1,3
454,2019-03-30,2019,1,3
455,2019-03-31,2019,1,3
456,2019-04-01,2019,2,4
457,2019-04-02,2019,2,4
458,2019-04-03,2019,2,4
459,2019-04-04,2019,2,4
460,2019-04-05,2019,2,4
461,2019-04-06,2019,2,4
462,2019-04-07,2019,2,4
463,2019-04-08,2019,2,4
464,2019-04-09,2019,2,4
465,2019-04-10,2019,2,4
466,2019-04-11,2019,2,4
467,2019-04-12,2019,2,4
468,2019-04-13,2019,2,4
469,2019-04-14,2019,2,4
470,2019-04-15,2019,2,4
471,2019-04-16,2019,2,4
472,2019-04-17,2019,2,4
473,2019-04-18,2019,2,4
474,2019-04-19,2019,2,4
475,2019-04-20,2019,2,4
476,2019-04-21,2019,2,4
477,2019-04-22,2019,2,4
478,2019-04-23,2019,2,4
479,2019-04-24,2019,2,4
480,2019-04-25,2019,2,4
481,2019-04-26,2019,2,4
482,2019-04-27,2019,2,4
483,2019-04-28,2019,2,4
484,2019-04-29,2019,2,4
485,2019-04-30,2019,2,4
486,2019-05-01,2019,2,5
487,2019-05-02,2019,2,5
488,2019-05-03,2019,2,5
489,2019-05-04,2019,2,5
490,2019-05-05,2019,2,5
491,2019-05-06,2019,2,5
492,2019-05-07,2019,2,5
493,2019-05-08,2019,2,5
494,2019-05-09,2019,2,5
495,2019-05-10,2019,2,5
496,2019-05-11,2019,2,5
497,2019-05-12,2019,2,5
498,2019-05-13,2019,2,5
499,2019-05-14,2019,2,5
500,2019-05-15,2019,2,5
501,2019-05-16,2019,2,5
502,2019-05-17,2019,2,5
503,2019-05-18,2019,2,5
504,2019-05-19,2019,2,5
505,2019-05-20,2019,2,5
506,2019-05-21,2019,2,5
507,2019-05-22,2019,2,5
508,2019-05-23,2019,2,5
509,2019-05-24,2019,2,5
510,2019-05-25,2019,2,5
511,2019-05-26,2019,2,5
512,2019-05-27,2019,2,5
513,2019-05-28,2019,2,5
514,2019-05-29,2019,2,5
515,2019-05-30,2019,2,5
516,2019-05-31,2019,2,5
517,2019-06-01,2019,2,6
518,2019-06-02,2019,2,6
519,2019-06-03,2019,2,6
520,2019-06-04,2019,2,6
521,2019-06-05,2019,2,6
522,2019-06-06,2019,2,6
523,2019-06-07,2019,2,6
524,2019-06-08,2019,2,6
525,2019-06-09,2019,2,6
526,2019-06-10,2019,2,6
527,2019-06-11,2019,2,6
528,2019-06-12,2019,2,6
529,2019-06-13,2019,2,6
530,2019-06-14,2019,2,6
531,2019-06-15,2019,2,6
532,2019-06-16,2019,2,6
533,2019-06-17,2019,2,6
534,2019-06-18,2019,2,6
535,2019-06-19,2019,2,6
536,2019-06-20,2019,2,6
537,2019-06-21,2019,2,6
538,2019-06-22,2019,2,6
539,2019-06-23,2019,2,6
540,2019-06-24,2019,2,6
541,2019-06-25,2019,2,6
542,2019-06-26,2019,2,6
543,2019-06-27,2019,2,6
544,2019-06-28,2019,2,6
545,2019-06-29,2019,2,6
546,2019-06-30,2019,2,6
547,2019-07-01,2019,3,7
548,2019-07-02,2019,3,7
549,2019-07-03,2019,3,7
550,2019-07-04,2019,3,7
551,2019-07-05,2019,3,7
552,2019-07-06,2019,3,7
553,2019-07-07,2019,3,7
554,2019-07-08,2019,3,7
555,2019-07-09,2019,3,7
556,2019-07-10,2019,3,7
557,2019-07-11,2019,3,7
558,2019-07-12,2019,3,7
559,2019-07-13,2019,3,7
560,2019-07-14,2019,3,7
561,2019-07-15,2019,3,7
562,2019-07-16,2019,3,7
563,2019-07-17,2019,3,7
564,2019-07-18,2019,3,7
565,2019-07-19,2019,3,7
566,2019-07-20,2019,3,7
567,2019-07-21,2019,3,7
568,2019-07-22,2019,3,7
569,2019-07-23,2019,3,7
570,2019-07-24,2019,3,7
571,2019-07-25,2019,3,7
572,2019-07-26,2019,3,7
573,2019-07-27,2019,3,7
574,2019-07-28,2019,3,7
575,2019-07-29,2019,3,7
576,2019-07-30,2019,3,7
577,2019-07-31,2019,3,7
578,2019-08-01,2019,3,8
579,2019-08-02,2019,3,8
580,2019-08-03,2019,3,8
581,2019-08-04,2019,3,8
582,2019-08-05,2019,3,8
583,2019-08-06,2019,3,8
584,2019-08-07,2019,3,8
585,2019-08-08,2019,3,8
586,2019-08-09,2019,3,8
587,2019-08-10,2019,3,8
588,2019-08-11,2019,3,8
589,2019-08-12,2019,3,8
590,2019-08-13,2019,3,8
591,2019-08-14,2019,3,8
592,2019-08-15,2019,3,8
593,2019-08-16,2019,3,8
594,2019-08-17,2019,3,8
595,2019-08-18,2019,3,8
596,2019-08-19,2019,3,8
597,2019-08-20,2019,3,8
598,2019-08-21,2019,3,8
599,2019-08-22,2019,3,8
600,2019-08-23,2019,3,8
601,2019-08-24,2019,3,8
602,2019-08-25,2019,3,8
603,2019-08-26,2019,3,8
604,2019-08-27,2019,3,8
605,2019-08-28,2019,3,8
606,2019-08-29,2019,3,8
607,2019-08-30,2019,3,8
608,2019-08-31,2019,3,8
609,2019-09-01,2019,3,9
610,2019-09-02,2019,3,9
611,2019-09-03,2019,3,9
612,2019-09-04,2019,3,9
613,2019-09-05,2019,3,9
614,2019-09-06,2019,3,9
615,2019-09-07,2019,3,9
616,2019-09-08,2019,3,9
617,2019-09-09,2019,3,9
618,2019-09-10,2019,3,9
619,2019-09-11,2019,3,9
620,2019-09-12,2019,3,9
621,2019-09-13,2019,3,9
622,2019-09-14,2019,3,9
623,2019-09-15,2019,3,9
624,2019-09-16,2019,3,9
625,2019-09-17,2019,3,9
626,2019-09-18,2019,3,9
627,2019-09-19,2019,3,9
628,2019-09-20,2019,3,9
629,2019-09-21,2019,3,9
630,2019-09-22,2019,3,9
631,2019-09-23,2019,3,9
632,2019-09-24,2019,3,9
633,2019-09-25,2019,3,9
634,2019-09-26,2019,3,9
635,2019-09-27,2019,3,9
636,2019-09-28,2019,3,9
637,2019-09-29,2019,3,9
638,2019-09-30,2019,3,9
639,2019-10-01,2019,4,10
640,2019-10-02,2019,4,10
641,2019-10-03,2019,4,10
642,2019-10-04,2019,4,10
643,2019-10-05,2019,4,10
644,2019-10-06,2019,4,10
645,2019-10-07,2019,4,10
646,2019-10-08,2019,4,10
647,2019-10-09,2019,4,10
648,2019-10-10,2019,4,10
649,2019-10-11,2019,4,10
650,2019-10-12,2019,4,10
651,2019-10-13,2019,4,10
652,2019-10-14,2019,4,10
653,2019-10-15,2019,4,10
654,2019-10-16,2019,4,10
655,2019-10-17,2019,4,10
656,2019-10-18,2019,4,10
657,2019-10-19,2019,4,10
658,2019-10-20,2019,4,10
659,2019-10-21,2019,4,10
660,2019-10-22,2019,4,10
661,2019-10-23,2019,4,10
662,2019-10-24,2019,4,10
663,2019-10-25,2019,4,10
664,2019-10-26,2019,4,10
665,2019-10-27,2019,4,10
666,2019-10-28,2019,4,10
667,2019-10-29,2019,4,10
668,2019-10-30,2019,4,10
669,2019-10-31,2019,4,10
670,2019-11-01,2019,4,11
671,2019-11-02,2019,4,11
672,2019-11-03,2019,4,11
673,2019-11-04,2019,4,11
674,2019-11-05,2019,4,11
675,2019-11-06,2019,4,11
676,2019-11-07,2019,4,11
677,2019-11-08,2019,4,11
678,2019-11-09,2019,4,11
679,2019-11-10,2019,4,11
680,2019-11-11,2019,4,11
681,2019-11-12,2019,4,11
682,2019-11-13,2019,4,11
683,2019-11-14,2019,4,11
684,2019-11-15,2019,4,11
685,2019-11-16,2019,4,11
686,2019-11-17,2019,4,11
687,2019-11-18,2019,4,11
688,2019-11-19,2019,4,11
689,2019-11-20,2019,4,11
690,2019-11-21,2019,4,11
691,2019-11-22,2019,4,11
692,2019-11-23,2019,4,11
693,2019-11-24,2019,4,11
694,2019-11-25,2019,4,11
695,2019-11-26,2019,4,11
696,2019-11-27,2019,4,11
697,2019-11-28,2019,4,11
698,2019-11-29,2019,4,11
699,2019-11-30,2019,4,11
700,2019-12-01,2019,4,12
701,2019-12-02,2019,4,12
702,2019-12-03,2019,4,12
703,2019-12-04,2019,4,12
704,2019-12-05,2019,4,12
705,2019-12-06,2019,4,12
706,2019-12-07,2019,4,12
707,2019-12-08,2019,4,12
708,2019-12-09,2019,4,12
709,2019-12-10,2019,4,12
710,2019-12-11,2019,4,12
711,2019-12-12,2019,4,12
712,2019-12-13,2019,4,12
713,2019-12-14,2019,4,12
714,2019-12-15,2019,4,12
715,2019-12-16,2019,4,12
716,2019-12-17,2019,4,12
717,2019-12-18,2019,4,12
718,2019-12-19,2019,4,12
719,2019-12-20,2019,4,12
720,2019-12-21,2019,4,12
721,2019-12-22,2019,4,12
722,2019-12-23,2019,4,12
723,2019-12-24,2019,4,12
724,2019-12-25,2019,4,12
725,2019-12-26,2019,4,12
726,2019-12-27,2019,4,12
727,2019-12-28,2019,4,12
728,2019-12-29,2019,4,12
729,2019-12-30,2019,4,12
730,2019-12-31,2019,4,12
731,2020-01-01,2020,1,1
732,2020-01-02,2020,1,1
733,2020-01-03,2020,1,1
734,2020-01-04,2020,1,1
735,2020-01-05,2020,1,1
736,2020-01-06,2020,1,1
737,2020-01-07,2020,1,1
738,2020-01-08,2020,1,1
739,2020-01-09,2020,1,1
740,2020-01-10,2020,1,1
741,2020-01-11,2020,1,1
742,2020-01-12,2020,1,1
743,2020-01-13,2020,1,1
744,2020-01-14,2020,1,1
745,2020-01-15,2020,1,1
746,2020-01-16,2020,1,1
747,2020-01-17,2020,1,1
748,2020-01-18,2020,1,1
749,2020-01-19,2020,1,1
750,2020-01-20,2020,1,1
751,2020-01-21,2020,1,1
752,2020-01-22,2020,1,1
753,2020-01-23,2020,1,1
754,2020-01-24,2020,1,1
755,2020-01-25,2020,1,1
756,2020-01-26,2020,1,1
757,2020-01-27,2020,1,1
758,2020-01-28,2020,1,1
759,2020-01-29,2020,1,1
760,2020-01-30,2020,1,1
761,2020-01-31,2020,1,1
762,2020-02-01,2020,1,2
763,2020-02-02,2020,1,2
764,2020-02-03,2020,1,2
765,2020-02-04,2020,1,2
766,2020-02-05,2020,1,2
767,2020-02-06,2020,1,2
768,2020-02-07,2020,1,2
769,2020-02-08,2020,1,2
770,2020-02-09,2020,1,2
771,2020-02-10,2020,1,2
772,2020-02-11,2020,1,2
773,2020-02-12,2020,1,2
774,2020-02-13,2020,1,2
775,2020-02-14,2020,1,2
776,2020-02-15,2020,1,2
777,2020-02-16,2020,1,2
778,2020-02-17,2020,1,2
779,2020-02-18,2020,1,2
780,2020-02-19,2020,1,2
781,2020-02-20,2020,1,2
782,2020-02-21,2020,1,2
783,2020-02-22,2020,1,2
784,2020-02-23,2020,1,2
785,2020-02-24,2020,1,2
786,2020-02-25,2020,1,2
787,2020-02-26,2020,1,2
788,2020-02-27,2020,1,2
789,2020-02-28,2020,1,2
790,2020-02-29,2020,1,2
791,2020-03-01,2020,1,3
792,2020-03-02,2020,1,3
793,2020-03-03,2020,1,3
794,2020-03-04,2020,1,3
795,2020-03-05,2020,1,3
796,2020-03-06,2020,1,3
797,2020-03-07,2020,1,3
798,2020-03-08,2020,1,3
799,2020-03-09,2020,1,3
800,2020-03-10,2020,1,3
801,2020-03-11,2020,1,3
802,2020-03-12,2020,1,3
803,2020-03-13,2020,1,3
804,2020-03-14,2020,1,3
805,2020-03-15,2020,1,3
806,2020-03-16,2020,1,3
807,2020-03-17,2020,1,3
808,2020-03-18,2020,1,3
809,2020-03-19,2020,1,3
810,2020-03-20,2020,1,3
811,2020-03-21,2020,1,3
812,2020-03-22,2020,1,3
813,2020-03-23,2020,1,3
814,2020-03-24,2020,1,3
815,2020-03-25,2020,1,3
816,2020-03-26,2020,1,3
817,2020-03-27,2020,1,3
818,2020-03-28,2020,1,3
819,2020-03-29,2020,1,3
820,2020-03-30,2020,1,3
821,2020-03-31,2020,1,3
822,2020-04-01,2020,2,4
823,2020-04-02,2020,2,4
824,2020-04-03,2020,2,4
825,2020-04-04,2020,2,4
826,2020-04-05,2020,2,4
827,2020-04-06,2020,2,4
828,2020-04-07,2020,2,4
829,2020-04-08,2020,2,4
830,2020-04-09,2020,2,4
831,2020-04-10,2020,2,4
832,2020-04-11,2020,2,4
833,2020-04-12,2020,2,4
834,2020-04-13,2020,2,4
835,2020-04-14,2020,2,4
836,2020-04-15,2020,2,4
837,2020-04-16,2020,2,4
838,2020-04-17,2020,2,4
839,2020-04-18,2020,2,4
840,2020-04-19,2020,2,4
841,2020-04-20,2020,2,4
842,2020-04-21,2020,2,4
843,2020-04-22,2020,2,4
844,2020-04-23,2020,2,4
845,2020-04-24,2020,2,4
846,2020-04-25,2020,2,4
847,2020-04-26,2020,2,4
848,2020-04-27,2020,2,4
849,2020-04-28,2020,2,4
850,2020-04-29,2020,2,4
851,2020-04-30,2020,2,4
852,2020-05-01,2020,2,5
853,2020-05-02,2020,2,5
854,2020-05-03,2020,2,5
855,2020-05-04,2020,2,5
856,2020-05-05,2020,2,5
857,2020-05-06,2020,2,5
858,2020-05-07,2020,2,5
859,2020-05-08,2020,2,5
860,2020-05-09,2020,2,5
861,2020-05-10,2020,2,5
862,2020-05-11,2020,2,5
863,2020-05-12,2020,2,5
864,2020-05-13,2020,2,5
865,2020-05-14,2020,2,5
866,2020-05-15,2020,2,5
867,2020-05-16,2020,2,5
868,2020-05-17,2020,2,5
869,2020-05-18,2020,2,5
870,2020-05-19,2020,2,5
871,2020-05-20,2020,2,5
872,2020-05-21,2020,2,5
873,2020-05-22,2020,2,5
874,2020-05-23,2020,2,5
875,2020-05-24,2020,2,5
876,2020-05-25,2020,2,5
877,2020-05-26,2020,2,5
878,2020-05-27,2020,2,5
879,2020-05-28,2020,2,5
880,2020-05-29,2020,2,5
881,2020-05-30,2020,2,5
882,2020-05-31,2020,2,5
883,2020-06-01,2020,2,6
884,2020-06-02,2020,2,6
885,2020-06-03,2020,2,6
886,2020-06-04,2020,2,6
887,2020-06-05,2020,2,6
888,2020-06-06,2020,2,6
889,2020-06-07,2020,2,6
890,2020-06-08,2020,2,6
891,2020-06-09,2020,2,6
892,2020-06-10,2020,2,6
893,2020-06-11,2020,2,6
894,2020-06-12,2020,2,6
895,2020-06-13,2020,2,6
896,2020-06-14,2020,2,6
897,2020-06-15,2020,2,6
898,2020-06-16,2020,2,6
899,2020-06-17,2020,2,6
900,2020-06-18,2020,2,6
901,2020-06-19,2020,2,6
902,2020-06-20,2020,2,6
903,2020-06-21,2020,2,6
904,2020-06-22,2020,2,6
905,2020-06-23,2020,2,6
906,2020-06-24,2020,2,6
907,2020-06-25,2020,2,6
908,2020-06-26,2020,2,6
909,2020-06-27,2020,2,6
910,2020-06-28,2020,2,6
911,2020-06-29,2020,2,6
912,2020-06-30,2020,2,6
913,2020-07-01,2020,3,7
914,2020-07-02,2020,3,7
915,2020-07-03,2020,3,7
916,2020-07-04,2020,3,7
917,2020-07-05,2020,3,7
918,2020-07-06,2020,3,7
919,2020-07-07,2020,3,7
920,2020-07-08,2020,3,7
921,2020-07-09,2020,3,7
922,2020-07-10,2020,3,7
923,2020-07-11,2020,3,7
924,2020-07-12,2020,3,7
925,2020-07-13,2020,3,7
926,2020-07-14,2020,3,7
927,2020-07-15,2020,3,7
928,2020-07-16,2020,3,7
929,2020-07-17,2020,3,7
930,2020-07-18,2020,3,7
931,2020-07-19,2020,3,7
932,2020-07-20,2020,3,7
933,2020-07-21,2020,3,7
934,2020-07-22,2020,3,7
935,2020-07-23,2020,3,7
936,2020-07-24,2020,3,7
937,2020-07-25,2020,3,7
938,2020-07-26,2020,3,7
939,2020-07-27,2020,3,7
940,2020-07-28,2020,3,7
941,2020-07-29,2020,3,7
942,2020-07-30,2020,3,7
943,2020-07-31,2020,3,7
944,2020-08-01,2020,3,8
945,2020-08-02,2020,3,8
946,2020-08-03,2020,3,8
947,2020-08-04,2020,3,8
948,2020-08-05,2020,3,8
949,2020-08-06,2020,3,8
950,2020-08-07,2020,3,8
951,2020-08-08,2020,3,8
952,2020-08-09,2020,3,8
953,2020-08-10,2020,3,8
954,2020-08-11,2020,3,8
955,2020-08-12,2020,3,8
956,2020-08-13,2020,3,8
957,2020-08-14,2020,3,8
958,2020-08-15,2020,3,8
959,2020-08-16,2020,3,8
960,2020-08-17,2020,3,8
961,2020-08-18,2020,3,8
962,2020-08-19,2020,3,8
963,2020-08-20,2020,3,8
964,2020-08-21,2020,3,8
965,2020-08-22,2020,3,8
966,2020-08-23,2020,3,8
967,2020-08-24,2020,3,8
968,2020-08-25,2020,3,8
969,2020-08-26,2020,3,8
970,2020-08-27,2020,3,8
971,2020-08-28,2020,3,8
972,2020-08-29,2020,3,8
973,2020-08-30,2020,3,8
974,2020-08-31,2020,3,8
975,2020-09-01,2020,3,9
976,2020-09-02,2020,3,9
977,2020-09-03,2020,3,9
978,2020-09-04,2020,3,9
979,2020-09-05,2020,3,9
980,2020-09-06,2020,3,9
981,2020-09-07,2020,3,9
982,2020-09-08,2020,3,9
983,2020-09-09,2020,3,9
984,2020-09-10,2020,3,9
985,2020-09-11,2020,3,9
986,2020-09-12,2020,3,9
987,2020-09-13,2020,3,9
988,2020-09-14,2020,3,9
989,2020-09-15,2020,3,9
990,2020-09-16,2020,3,9
991,2020-09-17,2020,3,9
992,2020-09-18,2020,3,9
993,2020-09-19,2020,3,9
994,2020-09-20,2020,3,9
995,2020-09-21,2020,3,9
996,2020-09-22,2020,3,9
997,2020-09-23,2020,3,9
998,2020-09-24,2020,3,9
999,2020-09-25,2020,3,9
1000,2020-09-26,2020,3,9
1001,2020-09-27,2020,3,9
1002,2020-09-28,2020,3,9
1003,2020-09-29,2020,3,9
1004,2020-09-30,2020,3,9
1005,2020-10-01,2020,4,10
1006,2020-10-02,2020,4,10
1007,2020-10-03,2020,4,10
1008,2020-10-04,2020,4,10
1009,2020-10-05,2020,4,10
1010,2020-10-06,2020,4,10
1011,2020-10-07,2020,4,10
1012,2020-10-08,2020,4,10
1013,2020-10-09,2020,4,10
1014,2020-10-10,2020,4,10
1015,2020-10-11,2020,4,10
1016,2020-10-12,2020,4,10
1017,2020-10-13,2020,4,10
1018,2020-10-14,2020,4,10
1019,2020-10-15,2020,4,10
1020,2020-10-16,2020,4,10
1021,2020-10-17,2020,4,10
1022,2020-10-18,2020,4,10
1023,2020-10-19,2020,4,10
1024,2020-10-20,2020,4,10
1025,2020-10-21,2020,4,10
1026,2020-10-22,2020,4,10
1027,2020-10-23,2020,4,10
1028,2020-10-24,2020,4,10
1029,2020-10-25,2020,4,10
1030,2020-10-26,2020,4,10
1031,2020-10-27,2020,4,10
1032,2020-10-28,2020,4,10
1033,2020-10-29,2020,4,10
1034,2020-10-30,2020,4,10
1035,2020-10-31,2020,4,10
1036,2020-11-01,2020,4,11
1037,2020-11-02,2020,4,11
1038,2020-11-03,2020,4,11
1039,2020-11-04,2020,4,11
1040,2020-11-05,2020,4,11
1041,2020-11-06,2020,4,11
1042,2020-11-07,2020,4,11
1043,2020-11-08,2020,4,11
1044,2020-11-09,2020,4,11
1045,2020-11-10,2020,4,11
1046,2020-11-11,2020,4,11
1047,2020-11-12,2020,4,11
1048,2020-11-13,2020,4,11
1049,2020-11-14,2020,4,11
1050,2020-11-15,2020,4,11
1051,2020-11-16,2020,4,11
1052,2020-11-17,2020,4,11
1053,2020-11-18,2020,4,11
1054,2020-11-19,2020,4,11
1055,2020-11-20,2020,4,11
1056,2020-11-21,2020,4,11
1057,2020-11-22,2020,4,11
1058,2020-11-23,2020,4,11
1059,2020-11-24,2020,4,11
1060,2020-11-25,2020,4,11
1061,2020-11-26,2020,4,11
1062,2020-11-27,2020,4,11
1063,2020-11-28,2020,4,11
1064,2020-11-29,2020,4,11
1065,2020-11-30,2020,4,11
1066,2020-12-01,2020,4,12
1067,2020-12-02,2020,4,12
1068,2020-12-03,2020,4,12
1069,2020-12-04,2020,4,12
1070,2020-12-05,2020,4,12
1071,2020-12-06,2020,4,12
1072,2020-12-07,2020,4,12
1073,2020-12-08,2020,4,12
1074,2020-12-09,2020,4,12
1075,2020-12-10,2020,4,12
1076,2020-12-11,2020,4,12
1077,2020-12-12,2020,4,12
1078,2020-12-13,2020,4,12
1079,2020-12-14,2020,4,12
1080,2020-12-15,2020,4,12
1081,2020-12-16,2020,4,12
1082,2020-12-17,2020,4,12
1083,2020-12-18,2020,4,12
1084,2020-12-19,2020,4,12
1085,2020-12-20,2020,4,12
1086,2020-12-21,2020,4,12
1087,2020-12-22,2020,4,12
1088,2020-12-23,2020,4,12
1089,2020-12-24,2020,4,12
1090,2020-12-25,2020,4,12
1091,2020-12-26,2020,4,12
1092,2020-12-27,2020,4,12
1093,2020-12-28,2020,4,12
1094,2020-12-29,2020,4,12
1095,2020-12-30,2020,4,12
1096,2020-12-31,2020,4,12
1097,2021-01-01,2021,1,1
1098,2021-01-02,2021,1,1
1099,2021-01-03,2021,1,1
1100,2021-01-04,2021,1,1
1101,2021-01-05,2021,1,1
1102,2021-01-06,2021,1,1
1103,2021-01-07,2021,1,1
1104,2021-01-08,2021,1,1
1105,2021-01-09,2021,1,1
1106,2021-01-10,2021,1,1
1107,2021-01-11,2021,1,1
1108,2021-01-12,2021,1,1
1109,2021-01-13,2021,1,1
1110,2021-01-14,2021,1,1
1111,2021-01-15,2021,1,1
1112,2021-01-16,2021,1,1
1113,2021-01-17,2021,1,1
1114,2021-01-18,2021,1,1
1115,2021-01-19,2021,1,1
1116,2021-01-20,2021,1,1
1117,2021-01-21,2021,1,1
1118,2021-01-22,2021,1,1
1119,2021-01-23,2021,1,1
1120,2021-01-24,2021,1,1
1121,2021-01-25,2021,1,1
1122,2021-01-26,2021,1,1
1123,2021-01-27,2021,1,1
1124,2021-01-28,2021,1,1
1125,2021-01-29,2021,1,1
1126,2021-01-30,2021,1,1
1127,2021-01-31,2021,1,1
1128,2021-02-01,2021,1,2
1129,2021-02-02,2021,1,2
1130,2021-02-03,2021,1,2
1131,2021-02-04,2021,1,2
1132,2021-02-05,2021,1,2
1133,2021-02-06,2021,1,2
1134,2021-02-07,2021,1,2
1135,2021-02-08,2021,1,2
1136,2021-02-09,2021,1,2
1137,2021-02-10,2021,1,2
1138,2021-02-11,2021,1,2
1139,2021-02-12,2021,1,2
1140,2021-02-13,2021,1,2
1141,2021-02-14,2021,1,2
1142,2021-02-15,2021,1,2
1143,2021-02-16,2021,1,2
1144,2021-02-17,2021,1,2
1145,2021-02-18,2021,1,2
1146,2021-02-19,2021,1,2
1147,2021-02-20,2021,1,2
1148,2021-02-21,2021,1,2
1149,2021-02-22,2021,1,2
1150,2021-02-23,2021,1,2
1151,2021-02-24,2021,1,2
1152,2021-02-25,2021,1,2
1153,2021-02-26,2021,1,2
1154,2021-02-27,2021,1,2
1155,2021-02-28,2021,1,2
1156,2021-03-01,2021,1,3
1157,2021-03-02,2021,1,3
1158,2021-03-03,2021,1,3
1159,2021-03-04,2021,1,3
1160,2021-03-05,2021,1,3
1161,2021-03-06,2021,1,3
1162,2021-03-07,2021,1,3
1163,2021-03-08,2021,1,3
1164,2021-03-09,2021,1,3
1165,2021-03-10,2021,1,3
1166,2021-03-11,2021,1,3
1167,2021-03-12,2021,1,3
1168,2021-03-13,2021,1,3
1169,2021-03-14,2021,1,3
1170,2021-03-15,2021,1,3
1171,2021-03-16,2021,1,3
1172,2021-03-17,2021,1,3
1173,2021-03-18,2021,1,3
1174,2021-03-19,2021,1,3
1175,2021-03-20,2021,1,3
1176,2021-03-21,2021,1,3
1177,2021-03-22,2021,1,3
1178,2021-03-23,2021,1,3
1179,2021-03-24,2021,1,3
1180,2021-03-25,2021,1,3
1181,2021-03-26,2021,1,3
1182,2021-03-27,2021,1,3
1183,2021-03-28,2021,1,3
1184,2021-03-29,2021,1,3
1185,2021-03-30,2021,1,3
1186,2021-03-31,2021,1,3
1187,2021-04-01,2021,2,4
1188,2021-04-02,2021,2,4
1189,2021-04-03,2021,2,4
1190,2021-04-04,2021,2,4
1191,2021-04-05,2021,2,4
1192,2021-04-06,2021,2,4
1193,2021-04-07,2021,2,4
1194,2021-04-08,2021,2,4
1195,2021-04-09,2021,2,4
1196,2021-04-10,2021,2,4
1197,2021-04-11,2021,2,4
1198,2021-04-12,2021,2,4
1199,2021-04-13,2021,2,4
1200,2021-04-14,2021,2,4
1201,2021-04-15,2021,2,4
1202,2021-04-16,2021,2,4
1203,2021-04-17,2021,2,4
1204,2021-04-18,2021,2,4
1205,2021-04-19,2021,2,4
1206,2021-04-20,2021,2,4
1207,2021-04-21,2021,2,4
1208,2021-04-22,2021,2,4
1209,2021-04-23,2021,2,4
1210,2021-04-24,2021,2,4
1211,2021-04-25,2021,2,4
1212,2021-04-26,2021,2,4
1213,2021-04-27,2021,2,4
1214,2021-04-28,2021,2,4
1215,2021-04-29,2021,2,4
1216,2021-04-30,2021,2,4
1217,2021-05-01,2021,2,5
1218,2021-05-02,2021,2,5
1219,2021-05-03,2021,2,5
1220,2021-05-04,2021,2,5
1221,2021-05-05,2021,2,5
1222,2021-05-06,2021,2,5
1223,2021-05-07,2021,2,5
1224,2021-05-08,2021,2,5
1225,2021-05-09,2021,2,5
1226,2021-05-10,2021,2,5
1227,2021-05-11,2021,2,5
1228,2021-05-12,2021,2,5
1229,2021-05-13,2021,2,5
1230,2021-05-14,2021,2,5
1231,2021-05-15,2021,2,5
1232,2021-05-16,2021,2,5
1233,2021-05-17,2021,2,5
1234,2021-05-18,2021,2,5
1235,2021-05-19,2021,2,5
1236,2021-05-20,2021,2,5
1237,2021-05-21,2021,2,5
1238,2021-05-22,2021,2,5
1239,2021-05-23,2021,2,5
1240,2021-05-24,2021,2,5
1241,2021-05-25,2021,2,5
1242,2021-05-26,2021,2,5
1243,2021-05-27,2021,2,5
1244,2021-05-28,2021,2,5
1245,2021-05-29,2021,2,5
1246,2021-05-30,2021,2,5
1247,2021-05-31,2021,2,5
1248,2021-06-01,2021,2,6
1249,2021-06-02,2021,2,6
1250,2021-06-03,2021,2,6
1251,2021-06-04,2021,2,6
1252,2021-06-05,2021,2,6
1253,2021-06-06,2021,2,6
1254,2021-06-07,2021,2,6
1255,2021-06-08,2021,2,6
1256,2021-06-09,2021,2,6
1257,2021-06-10,2021,2,6
1258,2021-06-11,2021,2,6
1259,2021-06-12,2021,2,6
1260,2021-06-13,2021,2,6
1261,2021-06-14,2021,2,6
1262,2021-06-15,2021,2,6
1263,2021-06-16,2021,2,6
1264,2021-06-17,2021,2,6
1265,2021-06-18,2021,2,6
1266,2021-06-19,2021,2,6
1267,2021-06-20,2021,2,6
1268,2021-06-21,2021,2,6
1269,2021-06-22,2021,2,6
1270,2021-06-23,2021,2,6
1271,2021-06-24,2021,2,6
1272,2021-06-25,2021,2,6
1273,2021-06-26,2021,2,6
1274,2021-06-27,2021,2,6
1275,2021-06-28,2021,2,6
1276,2021-06-29,2021,2,6
1277,2021-06-30,2021,2,6
1278,2021-07-01,2021,3,7
1279,2021-07-02,2021,3,7
1280,2021-07-03,2021,3,7
1281,2021-07-04,2021,3,7
1282,2021-07-05,2021,3,7
1283,2021-07-06,2021,3,7
1284,2021-07-07,2021,3,7
1285,2021-07-08,2021,3,7
1286,2021-07-09,2021,3,7
1287,2021-07-10,2021,3,7
1288,2021-07-11,2021,3,7
1289,2021-07-12,2021,3,7
1290,2021-07-13,2021,3,7
1291,2021-07-14,2021,3,7
1292,2021-07-15,2021,3,7
1293,2021-07-16,2021,3,7
1294,2021-07-17,2021,3,7
1295,2021-07-18,2021,3,7
1296,2021-07-19,2021,3,7
1297,2021-07-20,2021,3,7
1298,2021-07-21,2021,3,7
1299,2021-07-22,2021,3,7
1300,2021-07-23,2021,3,7
1301,2021-07-24,2021,3,7
1302,2021-07-25,2021,3,7
1303,2021-07-26,2021,3,7
1304,2021-07-27,2021,3,7
1305,2021-07-28,2021,3,7
1306,2021-07-29,2021,3,7
1307,2021-07-30,2021,3,7
1308,2021-07-31,2021,3,7
1309,2021-08-01,2021,3,8
1310,2021-08-02,2021,3,8
1311,2021-08-03,2021,3,8
1312,2021-08-04,2021,3,8
1313,2021-08-05,2021,3,8
1314,2021-08-06,2021,3,8
1315,2021-08-07,2021,3,8
1316,2021-08-08,2021,3,8
1317,2021-08-09,2021,3,8
1318,2021-08-10,2021,3,8
1319,2021-08-11,2021,3,8
1320,2021-08-12,2021,3,8
1321,2021-08-13,2021,3,8
1322,2021-08-14,2021,3,8
1323,2021-08-15,2021,3,8
1324,2021-08-16,2021,3,8
1325,2021-08-17,2021,3,8
1326,2021-08-18,2021,3,8
1327,2021-08-19,2021,3,8
1328,2021-08-20,2021,3,8
1329,2021-08-21,2021,3,8
1330,2021-08-22,2021,3,8
1331,2021-08-23,2021,3,8
1332,2021-08-24,2021,3,8
1333,2021-08-25,2021,3,8
1334,2021-08-26,2021,3,8
1335,2021-08-27,2021,3,8
1336,2021-08-28,2021,3,8
1337,2021-08-29,2021,3,8
1338,2021-08-30,2021,3,8
1339,2021-08-31,2021,3,8
1340,2021-09-01,2021,3,9
1341,2021-09-02,2021,3,9
1342,2021-09-03,2021,3,9
1343,2021-09-04,2021,3,9
1344,2021-09-05,2021,3,9
1345,2021-09-06,2021,3,9
1346,2021-09-07,2021,3,9
1347,2021-09-08,2021,3,9
1348,2021-09-09,2021,3,9
1349,2021-09-10,2021,3,9
1350,2021-09-11,2021,3,9
1351,2021-09-12,2021,3,9
1352,2021-09-13,2021,3,9
1353,2021-09-14,2021,3,9
1354,2021-09-15,2021,3,9
1355,2021-09-16,2021,3,9
1356,2021-09-17,2021,3,9
1357,2021-09-18,2021,3,9
1358,2021-09-19,2021,3,9
1359,2021-09-20,2021,3,9
1360,2021-09-21,2021,3,9
1361,2021-09-22,2021,3,9
1362,2021-09-23,2021,3,9
1363,2021-09-24,2021,3,9
1364,2021-09-25,2021,3,9
1365,2021-09-26,2021,3,9
1366,2021-09-27,2021,3,9
1367,2021-09-28,2021,3,9
1368,2021-09-29,2021,3,9
1369,2021-09-30,2021,3,9
1370,2021-10-01,2021,4,10
1371,2021-10-02,2021,4,10
1372,2021-10-03,2021,4,10
1373,2021-10-04,2021,4,10
1374,2021-10-05,2021,4,10
1375,2021-10-06,2021,4,10
1376,2021-10-07,2021,4,10
1377,2021-10-08,2021,4,10
1378,2021-10-09,2021,4,10
1379,2021-10-10,2021,4,10
1380,2021-10-11,2021,4,10
1381,2021-10-12,2021,4,10
1382,2021-10-13,2021,4,10
1383,2021-10-14,2021,4,10
1384,2021-10-15,2021,4,10
1385,2021-10-16,2021,4,10
1386,2021-10-17,2021,4,10
1387,2021-10-18,2021,4,10
1388,2021-10-19,2021,4,10
1389,2021-10-20,2021,4,10
1390,2021-10-21,2021,4,10
1391,2021-10-22,2021,4,10
1392,2021-10-23,2021,4,10
1393,2021-10-24,2021,4,10
1394,2021-10-25,2021,4,10
1395,2021-10-26,2021,4,10
1396,2021-10-27,2021,4,10
1397,2021-10-28,2021,4,10
1398,2021-10-29,2021,4,10
1399,2021-10-30,2021,4,10
1400,2021-10-31,2021,4,10
1401,2021-11-01,2021,4,11
1402,2021-11-02,2021,4,11
1403,2021-11-03,2021,4,11
1404,2021-11-04,2021,4,11
1405,2021-11-05,2021,4,11
1406,2021-11-06,2021,4,11
1407,2021-11-07,2021,4,11
1408,2021-11-08,2021,4,11
1409,2021-11-09,2021,4,11
1410,2021-11-10,2021,4,11
1411,2021-11-11,2021,4,11
1412,2021-11-12,2021,4,11
1413,2021-11-13,2021,4,11
1414,2021-11-14,2021,4,11
1415,2021-11-15,2021,4,11
1416,2021-11-16,2021,4,11
1417,2021-11-17,2021,4,11
1418,2021-11-18,2021,4,11
1419,2021-11-19,2021,4,11
1420,2021-11-20,2021,4,11
1421,2021-11-21,2021,4,11
1422,2021-11-22,2021,4,11
1423,2021-11-23,2021,4,11
1424,2021-11-24,2021,4,11
1425,2021-11-25,2021,4,11
1426,2021-11-26,2021,4,11
1427,2021-11-27,2021,4,11
1428,2021-11-28,2021,4,11
1429,2021-11-29,2021,4,11
1430,2021-11-30,2021,4,11
1431,2021-12-01,2021,4,12
1432,2021-12-02,2021,4,12
1433,2021-12-03,2021,4,12
1434,2021-12-04,2021,4,12
1435,2021-12-05,2021,4,12
1436,2021-12-06,2021,4,12
1437,2021-12-07,2021,4,12
1438,2021-12-08,2021,4,12
1439,2021-12-09,2021,4,12
1440,2021-12-10,2021,4,12
1441,2021-12-11,2021,4,12
1442,2021-12-12,2021,4,12
1443,2021-12-13,2021,4,12
1444,2021-12-14,2021,4,12
1445,2021-12-15,2021,4,12
1446,2021-12-16,2021,4,12
1447,2021-12-17,2021,4,12
1448,2021-12-18,2021,4,12
1449,2021-12-19,2021,4,12
1450,2021-12-20,2021,4,12
1451,2021-12-21,2021,4,12
1452,2021-12-22,2021,4,12
1453,2021-12-23,2021,4,12
1454,2021-12-24,2021,4,12
1455,2021-12-25,2021,4,12
1456,2021-12-26,2021,4,12
1457,2021-12-27,2021,4,12
1458,2021-12-28,2021,4,12
1459,2021-12-29,2021,4,12
1460,2021-12-30,2021,4,12
1461,2021-12-31,2021,4,12
1462,2022-01-01,2022,1,1
1463,2022-01-02,2022,1,1
1464,2022-01-03,2022,1,1
1465,2022-01-04,2022,1,1
1466,2022-01-05,2022,1,1
1467,2022-01-06,2022,1,1
1468,2022-01-07,2022,1,1
1469,2022-01-08,2022,1,1
1470,2022-01-09,2022,1,1
1471,2022-01-10,2022,1,1
1472,2022-01-11,2022,1,1
1473,2022-01-12,2022,1,1
1474,2022-01-13,2022,1,1
1475,2022-01-14,2022,1,1
1476,2022-01-15,2022,1,1
1477,2022-01-16,2022,1,1
1478,2022-01-17,2022,1,1
1479,2022-01-18,2022,1,1
1480,2022-01-19,2022,1,1
1481,2022-01-20,2022,1,1
1482,2022-01-21,2022,1,1
1483,2022-01-22,2022,1,1
1484,2022-01-23,2022,1,1
1485,2022-01-24,2022,1,1
1486,2022-01-25,2022,1,1
1487,2022-01-26,2022,1,1
1488,2022-01-27,2022,1,1
1489,2022-01-28,2022,1,1
1490,2022-01-29,2022,1,1
1491,2022-01-30,2022,1,1
1492,2022-01-31,2022,1,1
1493,2022-02-01,2022,1,2
1494,2022-02-02,2022,1,2
1495,2022-02-03,2022,1,2
1496,2022-02-04,2022,1,2
1497,2022-02-05,2022,1,2
1498,2022-02-06,2022,1,2
1499,2022-02-07,2022,1,2
1500,2022-02-08,2022,1,2
1501,2022-02-09,2022,1,2
1502,2022-02-10,2022,1,2
1503,2022-02-11,2022,1,2
1504,2022-02-12,2022,1,2
1505,2022-02-13,2022,1,2
1506,2022-02-14,2022,1,2
1507,2022-02-15,2022,1,2
1508,2022-02-16,2022,1,2
1509,2022-02-17,2022,1,2
1510,2022-02-18,2022,1,2
1511,2022-02-19,2022,1,2
1512,2022-02-20,2022,1,2
1513,2022-02-21,2022,1,2
1514,2022-02-22,2022,1,2
1515,2022-02-23,2022,1,2
1516,2022-02-24,2022,1,2
1517,2022-02-25,2022,1,2
1518,2022-02-26,2022,1,2
1519,2022-02-27,2022,1,2
1520,2022-02-28,2022,1,2
1521,2022-03-01,2022,1,3
1522,2022-03-02,2022,1,3
1523,2022-03-03,2022,1,3
1524,2022-03-04,2022,1,3
1525,2022-03-05,2022,1,3
1526,2022-03-06,2022,1,3
1527,2022-03-07,2022,1,3
1528,2022-03-08,2022,1,3
1529,2022-03-09,2022,1,3
1530,2022-03-10,2022,1,3
1531,2022-03-11,2022,1,3
1532,2022-03-12,2022,1,3
1533,2022-03-13,2022,1,3
1534,2022-03-14,2022,1,3
1535,2022-03-15,2022,1,3
1536,2022-03-16,2022,1,3
1537,2022-03-17,2022,1,3
1538,2022-03-18,2022,1,3
1539,2022-03-19,2022,1,3
1540,2022-03-20,2022,1,3
1541,2022-03-21,2022,1,3
1542,2022-03-22,2022,1,3
1543,2022-03-23,2022,1,3
1544,2022-03-24,2022,1,3
1545,2022-03-25,2022,1,3
1546,2022-03-26,2022,1,3
1547,2022-03-27,2022,1,3
1548,2022-03-28,2022,1,3
1549,2022-03-29,2022,1,3
1550,2022-03-30,2022,1,3
1551,2022-03-31,2022,1,3
1552,2022-04-01,2022,2,4
1553,2022-04-02,2022,2,4
1554,2022-04-03,2022,2,4
1555,2022-04-04,2022,2,4
1556,2022-04-05,2022,2,4
1557,2022-04-06,2022,2,4
1558,2022-04-07,2022,2,4
1559,2022-04-08,2022,2,4
1560,2022-04-09,2022,2,4
1561,2022-04-10,2022,2,4
1562,2022-04-11,2022,2,4
1563,2022-04-12,2022,2,4
1564,2022-04-13,2022,2,4
1565,2022-04-14,2022,2,4
1566,2022-04-15,2022,2,4
1567,2022-04-16,2022,2,4
1568,2022-04-17,2022,2,4
1569,2022-04-18,2022,2,4
1570,2022-04-19,2022,2,4
1571,2022-04-20,2022,2,4
1572,2022-04-21,2022,2,4
1573,2022-04-22,2022,2,4
1574,2022-04-23,2022,2,4
1575,2022-04-24,2022,2,4
1576,2022-04-25,2022,2,4
1577,2022-04-26,2022,2,4
1578,2022-04-27,2022,2,4
1579,2022-04-28,2022,2,4
1580,2022-04-29,2022,2,4
1581,2022-04-30,2022,2,4
1582,2022-05-01,2022,2,5
1583,2022-05-02,2022,2,5
1584,2022-05-03,2022,2,5
1585,2022-05-04,2022,2,5
1586,2022-05-05,2022,2,5
1587,2022-05-06,2022,2,5
1588,2022-05-07,2022,2,5
1589,2022-05-08,2022,2,5
1590,2022-05-09,2022,2,5
1591,2022-05-10,2022,2,5
1592,2022-05-11,2022,2,5
1593,2022-05-12,2022,2,5
1594,2022-05-13,2022,2,5
1595,2022-05-14,2022,2,5
1596,2022-05-15,2022,2,5
1597,2022-05-16,2022,2,5
1598,2022-05-17,2022,2,5
1599,2022-05-18,2022,2,5
1600,2022-05-19,2022,2,5
1601,2022-05-20,2022,2,5
1602,2022-05-21,2022,2,5
1603,2022-05-22,2022,2,5
1604,2022-05-23,2022,2,5
1605,2022-05-24,2022,2,5
1606,2022-05-25,2022,2,5
1607,2022-05-26,2022,2,5
1608,2022-05-27,2022,2,5
1609,2022-05-28,2022,2,5
1610,2022-05-29,2022,2,5
1611,2022-05-30,2022,2,5
1612,2022-05-31,2022,2,5
1613,2022-06-01,2022,2,6
1614,2022-06-02,2022,2,6
1615,2022-06-03,2022,2,6
1616,2022-06-04,2022,2,6
1617,2022-06-05,2022,2,6
1618,2022-06-06,2022,2,6
1619,2022-06-07,2022,2,6
1620,2022-06-08,2022,2,6
1621,2022-06-09,2022,2,6
1622,2022-06-10,2022,2,6
1623,2022-06-11,2022,2,6
1624,2022-06-12,2022,2,6
1625,2022-06-13,2022,2,6
1626,2022-06-14,2022,2,6
1627,2022-06-15,2022,2,6
1628,2022-06-16,2022,2,6
1629,2022-06-17,2022,2,6
1630,2022-06-18,2022,2,6
1631,2022-06-19,2022,2,6
1632,2022-06-20,2022,2,6
1633,2022-06-21,2022,2,6
1634,2022-06-22,2022,2,6
1635,2022-06-23,2022,2,6
1636,2022-06-24,2022,2,6
1637,2022-06-25,2022,2,6
1638,2022-06-26,2022,2,6
1639,2022-06-27,2022,2,6
1640,2022-06-28,2022,2,6
1641,2022-06-29,2022,2,6
1642,2022-06-30,2022,2,6
1643,2022-07-01,2022,3,7
1644,2022-07-02,2022,3,7
1645,2022-07-03,2022,3,7
1646,2022-07-04,2022,3,7
1647,2022-07-05,2022,3,7
1648,2022-07-06,2022,3,7
1649,2022-07-07,2022,3,7
1650,2022-07-08,2022,3,7
1651,2022-07-09,2022,3,7
1652,2022-07-10,2022,3,7
1653,2022-07-11,2022,3,7
1654,2022-07-12,2022,3,7
1655,2022-07-13,2022,3,7
1656,2022-07-14,2022,3,7
1657,2022-07-15,2022,3,7
1658,2022-07-16,2022,3,7
1659,2022-07-17,2022,3,7
1660,2022-07-18,2022,3,7
1661,2022-07-19,2022,3,7
1662,2022-07-20,2022,3,7
1663,2022-07-21,2022,3,7
1664,2022-07-22,2022,3,7
1665,2022-07-23,2022,3,7
1666,2022-07-24,2022,3,7
1667,2022-07-25,2022,3,7
1668,2022-07-26,2022,3,7
1669,2022-07-27,2022,3,7
1670,2022-07-28,2022,3,7
1671,2022-07-29,2022,3,7
1672,2022-07-30,2022,3,7
1673,2022-07-31,2022,3,7
1674,2022-08-01,2022,3,8
1675,2022-08-02,2022,3,8
1676,2022-08-03,2022,3,8
1677,2022-08-04,2022,3,8
1678,2022-08-05,2022,3,8
1679,2022-08-06,2022,3,8
1680,2022-08-07,2022,3,8
1681,2022-08-08,2022,3,8
1682,2022-08-09,2022,3,8
1683,2022-08-10,2022,3,8
1684,2022-08-11,2022,3,8
1685,2022-08-12,2022,3,8
1686,2022-08-13,2022,3,8
1687,2022-08-14,2022,3,8
1688,2022-08-15,2022,3,8
1689,2022-08-16,2022,3,8
1690,2022-08-17,2022,3,8
1691,2022-08-18,2022,3,8
1692,2022-08-19,2022,3,8
1693,2022-08-20,2022,3,8
1694,2022-08-21,2022,3,8
1695,2022-08-22,2022,3,8
1696,2022-08-23,2022,3,8
1697,2022-08-24,2022,3,8
1698,2022-08-25,2022,3,8
1699,2022-08-26,2022,3,8
1700,2022-08-27,2022,3,8
1701,2022-08-28,2022,3,8
1702,2022-08-29,2022,3,8
1703,2022-08-30,2022,3,8
1704,2022-08-31,2022,3,8
1705,2022-09-01,2022,3,9
1706,2022-09-02,2022,3,9
1707,2022-09-03,2022,3,9
1708,2022-09-04,2022,3,9
1709,2022-09-05,2022,3,9
1710,2022-09-06,2022,3,9
1711,2022-09-07,2022,3,9
1712,2022-09-08,2022,3,9
1713,2022-09-09,2022,3,9
1714,2022-09-10,2022,3,9
1715,2022-09-11,2022,3,9
1716,2022-09-12,2022,3,9
1717,2022-09-13,2022,3,9
1718,2022-09-14,2022,3,9
1719,2022-09-15,2022,3,9
1720,2022-09-16,2022,3,9
1721,2022-09-17,2022,3,9
1722,2022-09-18,2022,3,9
1723,2022-09-19,2022,3,9
1724,2022-09-20,2022,3,9
1725,2022-09-21,2022,3,9
1726,2022-09-22,2022,3,9
1727,2022-09-23,2022,3,9
1728,2022-09-24,2022,3,9
1729,2022-09-25,2022,3,9
1730,2022-09-26,2022,3,9
1731,2022-09-27,2022,3,9
1732,2022-09-28,2022,3,9
1733,2022-09-29,2022,3,9
1734,2022-09-30,2022,3,9
1735,2022-10-01,2022,4,10
1736,2022-10-02,2022,4,10
1737,2022-10-03,2022,4,10
1738,2022-10-04,2022,4,10
1739,2022-10-05,2022,4,10
1740,2022-10-06,2022,4,10
1741,2022-10-07,2022,4,10
1742,2022-10-08,2022,4,10
1743,2022-10-09,2022,4,10
1744,2022-10-10,2022,4,10
1745,2022-10-11,2022,4,10
1746,2022-10-12,2022,4,10
1747,2022-10-13,2022,4,10
1748,2022-10-14,2022,4,10
1749,2022-10-15,2022,4,10
1750,2022-10-16,2022,4,10
1751,2022-10-17,2022,4,10
1752,2022-10-18,2022,4,10
1753,2022-10-19,2022,4,10
1754,2022-10-20,2022,4,10
1755,2022-10-21,2022,4,10
1756,2022-10-22,2022,4,10
1757,2022-10-23,2022,4,10
1758,2022-10-24,2022,4,10
1759,2022-10-25,2022,4,10
1760,2022-10-26,2022,4,10
1761,2022-10-27,2022,4,10
1762,2022-10-28,2022,4,10
1763,2022-10-29,2022,4,10
1764,2022-10-30,2022,4,10
1765,2022-10-31,2022,4,10
1766,2022-11-01,2022,4,11
1767,2022-11-02,2022,4,11
1768,2022-11-03,2022,4,11
1769,2022-11-04,2022,4,11
1770,2022-11-05,2022,4,11
1771,2022-11-06,2022,4,11
1772,2022-11-07,2022,4,11
1773,2022-11-08,2022,4,11
1774,2022-11-09,2022,4,11
1775,2022-11-10,2022,4,11
1776,2022-11-11,2022,4,11
1777,2022-11-12,2022,4,11
1778,2022-11-13,2022,4,11
1779,2022-11-14,2022,4,11
1780,2022-11-15,2022,4,11
1781,2022-11-16,2022,4,11
1782,2022-11-17,2022,4,11
1783,2022-11-18,2022,4,11
1784,2022-11-19,2022,4,11
1785,2022-11-20,2022,4,11
1786,2022-11-21,2022,4,11
1787,2022-11-22,2022,4,11
1788,2022-11-23,2022,4,11
1789,2022-11-24,2022,4,11
1790,2022-11-25,2022,4,11
1791,2022-11-26,2022,4,11
1792,2022-11-27,2022,4,11
1793,2022-11-28,2022,4,11
1794,2022-11-29,2022,4,11
1795,2022-11-30,2022,4,11
1796,2022-12-01,2022,4,12
1797,2022-12-02,2022,4,12
1798,2022-12-03,2022,4,12
1799,2022-12-04,2022,4,12
1800,2022-12-05,2022,4,12
1801,2022-12-06,2022,4,12
1802,2022-12-07,2022,4,12
1803,2022-12-08,2022,4,12
1804,2022-12-09,2022,4,12
1805,2022-12-10,2022,4,12
1806,2022-12-11,2022,4,12
1807,2022-12-12,2022,4,12
1808,2022-12-13,2022,4,12
1809,2022-12-14,2022,4,12
1810,2022-12-15,2022,4,12
1811,2022-12-16,2022,4,12
1812,2022-12-17,2022,4,12
1813,2022-12-18,2022,4,12
1814,2022-12-19,2022,4,12
1815,2022-12-20,2022,4,12
1816,2022-12-21,2022,4,12
1817,2022-12-22,2022,4,12
1818,2022-12-23,2022,4,12
1819,2022-12-24,2022,4,12
1820,2022-12-25,2022,4,12
1821,2022-12-26,2022,4,12
1822,2022-12-27,2022,4,12
1823,2022-12-28,2022,4,12
1824,2022-12-29,2022,4,12
1825,2022-12-30,2022,4,12
1826,2022-12-31,2022,4,12
1827,2023-01-01,2023,1,1
1828,2023-01-02,2023,1,1
1829,2023-01-03,2023,1,1
1830,2023-01-04,2023,1,1
1831,2023-01-05,2023,1,1
1832,2023-01-06,2023,1,1
1833,2023-01-07,2023,1,1
1834,2023-01-08,2023,1,1
1835,2023-01-09,2023,1,1
1836,2023-01-10,2023,1,1
1837,2023-01-11,2023,1,1
1838,2023-01-12,2023,1,1
1839,2023-01-13,2023,1,1
1840,2023-01-14,2023,1,1
1841,2023-01-15,2023,1,1
1842,2023-01-16,2023,1,1
1843,2023-01-17,2023,1,1
1844,2023-01-18,2023,1,1
1845,2023-01-19,2023,1,1
1846,2023-01-20,2023,1,1
1847,2023-01-21,2023,1,1
1848,2023-01-22,2023,1,1
1849,2023-01-23,2023,1,1
1850,2023-01-24,2023,1,1
1851,2023-01-25,2023,1,1
1852,2023-01-26,2023,1,1
1853,2023-01-27,2023,1,1
1854,2023-01-28,2023,1,1
1855,2023-01-29,2023,1,1
1856,2023-01-30,2023,1,1
1857,2023-01-31,2023,1,1
1858,2023-02-01,2023,1,2
1859,2023-02-02,2023,1,2
1860,2023-02-03,2023,1,2
1861,2023-02-04,2023,1,2
1862,2023-02-05,2023,1,2
1863,2023-02-06,2023,1,2
1864,2023-02-07,2023,1,2
1865,2023-02-08,2023,1,2
1866,2023-02-09,2023,1,2
1867,2023-02-10,2023,1,2
1868,2023-02-11,2023,1,2
1869,2023-02-12,2023,1,2
1870,2023-02-13,2023,1,2
1871,2023-02-14,2023,1,2
1872,2023-02-15,2023,1,2
1873,2023-02-16,2023,1,2
1874,2023-02-17,2023,1,2
1875,2023-02-18,2023,1,2
1876,2023-02-19,2023,1,2
1877,2023-02-20,2023,1,2
1878,2023-02-21,2023,1,2
1879,2023-02-22,2023,1,2
1880,2023-02-23,2023,1,2
1881,2023-02-24,2023,1,2
1882,2023-02-25,2023,1,2
1883,2023-02-26,2023,1,2
1884,2023-02-27,2023,1,2
1885,2023-02-28,2023,1,2
1886,2023-03-01,2023,1,3
1887,2023-03-02,2023,1,3
1888,2023-03-03,2023,1,3
1889,2023-03-04,2023,1,3
1890,2023-03-05,2023,1,3
1891,2023-03-06,2023,1,3
1892,2023-03-07,2023,1,3
1893,2023-03-08,2023,1,3
1894,2023-03-09,2023,1,3
1895,2023-03-10,2023,1,3
1896,2023-03-11,2023,1,3
1897,2023-03-12,2023,1,3
1898,2023-03-13,2023,1,3
1899,2023-03-14,2023,1,3
1900,2023-03-15,2023,1,3
1901,2023-03-16,2023,1,3
1902,2023-03-17,2023,1,3
1903,2023-03-18,2023,1,3
1904,2023-03-19,2023,1,3
1905,2023-03-20,2023,1,3
1906,2023-03-21,2023,1,3
1907,2023-03-22,2023,1,3
1908,2023-03-23,2023,1,3
1909,2023-03-24,2023,1,3
1910,2023-03-25,2023,1,3
1911,2023-03-26,2023,1,3
1912,2023-03-27,2023,1,3
1913,2023-03-28,2023,1,3
1914,2023-03-29,2023,1,3
1915,2023-03-30,2023,1,3
1916,2023-03-31,2023,1,3
1917,2023-04-01,2023,2,4
1918,2023-04-02,2023,2,4
1919,2023-04-03,2023,2,4
1920,2023-04-04,2023,2,4
1921,2023-04-05,2023,2,4
1922,2023-04-06,2023,2,4
1923,2023-04-07,2023,2,4
1924,2023-04-08,2023,2,4
1925,2023-04-09,2023,2,4
1926,2023-04-10,2023,2,4
1927,2023-04-11,2023,2,4
1928,2023-04-12,2023,2,4
1929,2023-04-13,2023,2,4
1930,2023-04-14,2023,2,4
1931,2023-04-15,2023,2,4
1932,2023-04-16,2023,2,4
1933,2023-04-17,2023,2,4
1934,2023-04-18,2023,2,4
1935,2023-04-19,2023,2,4
1936,2023-04-20,2023,2,4
1937,2023-04-21,2023,2,4
1938,2023-04-22,2023,2,4
1939,2023-04-23,2023,2,4
1940,2023-04-24,2023,2,4
1941,2023-04-25,2023,2,4
1942,2023-04-26,2023,2,4
1943,2023-04-27,2023,2,4
1944,2023-04-28,2023,2,4
1945,2023-04-29,2023,2,4
1946,2023-04-30,2023,2,4
1947,2023-05-01,2023,2,5
1948,2023-05-02,2023,2,5
1949,2023-05-03,2023,2,5
1950,2023-05-04,2023,2,5
1951,2023-05-05,2023,2,5
1952,2023-05-06,2023,2,5
1953,2023-05-07,2023,2,5
1954,2023-05-08,2023,2,5
1955,2023-05-09,2023,2,5
1956,2023-05-10,2023,2,5
1957,2023-05-11,2023,2,5
1958,2023-05-12,2023,2,5
1959,2023-05-13,2023,2,5
1960,2023-05-14,2023,2,5
1961,2023-05-15,2023,2,5
1962,2023-05-16,2023,2,5
1963,2023-05-17,2023,2,5
1964,2023-05-18,2023,2,5
1965,2023-05-19,2023,2,5
1966,2023-05-20,2023,2,5
1967,2023-05-21,2023,2,5
1968,2023-05-22,2023,2,5
1969,2023-05-23,2023,2,5
1970,2023-05-24,2023,2,5
1971,2023-05-25,2023,2,5
1972,2023-05-26,2023,2,5
1973,2023-05-27,2023,2,5
1974,2023-05-28,2023,2,5
1975,2023-05-29,2023,2,5
1976,2023-05-30,2023,2,5
1977,2023-05-31,2023,2,5
1978,2023-06-01,2023,2,6
1979,2023-06-02,2023,2,6
1980,2023-06-03,2023,2,6
1981,2023-06-04,2023,2,6
1982,2023-06-05,2023,2,6
1983,2023-06-06,2023,2,6
1984,2023-06-07,2023,2,6
1985,2023-06-08,2023,2,6
1986,2023-06-09,2023,2,6
1987,2023-06-10,2023,2,6
1988,2023-06-11,2023,2,6
1989,2023-06-12,2023,2,6
1990,2023-06-13,2023,2,6
1991,2023-06-14,2023,2,6
1992,2023-06-15,2023,2,6
1993,2023-06-16,2023,2,6
1994,2023-06-17,2023,2,6
1995,2023-06-18,2023,2,6
1996,2023-06-19,2023,2,6
1997,2023-06-20,2023,2,6
1998,2023-06-21,2023,2,6
1999,2023-06-22,2023,2,6
2000,2023-06-23,2023,2,6
2001,2023-06-24,2023,2,6
2002,2023-06-25,2023,2,6
2003,2023-06-26,2023,2,6
2004,2023-06-27,2023,2,6
2005,2023-06-28,2023,2,6
2006,2023-06-29,2023,2,6
2007,2023-06-30,2023,2,6
2008,2023-07-01,2023,3,7
2009,2023-07-02,2023,3,7
2010,2023-07-03,2023,3,7
2011,2023-07-04,2023,3,7
2012,2023-07-05,2023,3,7
2013,2023-07-06,2023,3,7
2014,2023-07-07,2023,3,7
2015,2023-07-08,2023,3,7
2016,2023-07-09,2023,3,7
2017,2023-07-10,2023,3,7
2018,2023-07-11,2023,3,7
2019,2023-07-12,2023,3,7
2020,2023-07-13,2023,3,7
2021,2023-07-14,2023,3,7
2022,2023-07-15,2023,3,7
2023,2023-07-16,2023,3,7
2024,2023-07-17,2023,3,7
2025,2023-07-18,2023,3,7
2026,2023-07-19,2023,3,7
2027,2023-07-20,2023,3,7
2028,2023-07-21,2023,3,7
2029,2023-07-22,2023,3,7
2030,2023-07-23,2023,3,7
2031,2023-07-24,2023,3,7
2032,2023-07-25,2023,3,7
2033,2023-07-26,2023,3,7
2034,2023-07-27,2023,3,7
2035,2023-07-28,2023,3,7
2036,2023-07-29,2023,3,7
2037,2023-07-30,2023,3,7
2038,2023-07-31,2023,3,7
2039,2023-08-01,2023,3,8
2040,2023-08-02,2023,3,8
2041,2023-08-03,2023,3,8
2042,2023-08-04,2023,3,8
2043,2023-08-05,2023,3,8
2044,2023-08-06,2023,3,8
2045,2023-08-07,2023,3,8
2046,2023-08-08,2023,3,8
2047,2023-08-09,2023,3,8
2048,2023-08-10,2023,3,8
2049,2023-08-11,2023,3,8
2050,2023-08-12,2023,3,8
2051,2023-08-13,2023,3,8
2052,2023-08-14,2023,3,8
2053,2023-08-15,2023,3,8
2054,2023-08-16,2023,3,8
2055,2023-08-17,2023,3,8
2056,2023-08-18,2023,3,8
2057,2023-08-19,2023,3,8
2058,2023-08-20,2023,3,8
2059,2023-08-21,2023,3,8
2060,2023-08-22,2023,3,8
2061,2023-08-23,2023,3,8
2062,2023-08-24,2023,3,8
2063,2023-08-25,2023,3,8
2064,2023-08-26,2023,3,8
2065,2023-08-27,2023,3,8
2066,2023-08-28,2023,3,8
2067,2023-08-29,2023,3,8
2068,2023-08-30,2023,3,8
2069,2023-08-31,2023,3,8
2070,2023-09-01,2023,3,9
2071,2023-09-02,2023,3,9
2072,2023-09-03,2023,3,9
2073,2023-09-04,2023,3,9
2074,2023-09-05,2023,3,9
2075,2023-09-06,2023,3,9
2076,2023-09-07,2023,3,9
2077,2023-09-08,2023,3,9
2078,2023-09-09,2023,3,9
2079,2023-09-10,2023,3,9
2080,2023-09-11,2023,3,9
2081,2023-09-12,2023,3,9
2082,2023-09-13,2023,3,9
2083,2023-09-14,2023,3,9
2084,2023-09-15,2023,3,9
2085,2023-09-16,2023,3,9
2086,2023-09-17,2023,3,9
2087,2023-09-18,2023,3,9
2088,2023-09-19,2023,3,9
2089,2023-09-20,2023,3,9
2090,2023-09-21,2023,3,9
2091,2023-09-22,2023,3,9
2092,2023-09-23,2023,3,9
2093,2023-09-24,2023,3,9
2094,2023-09-25,2023,3,9
2095,2023-09-26,2023,3,9
2096,2023-09-27,2023,3,9
2097,2023-09-28,2023,3,9
2098,2023-09-29,2023,3,9
2099,2023-09-30,2023,3,9
2100,2023-10-01,2023,4,10
2101,2023-10-02,2023,4,10
2102,2023-10-03,2023,4,10
2103,2023-10-04,2023,4,10
2104,2023-10-05,2023,4,10
2105,2023-10-06,2023,4,10
2106,2023-10-07,2023,4,10
2107,2023-10-08,2023,4,10
2108,2023-10-09,2023,4,10
2109,2023-10-10,2023,4,10
2110,2023-10-11,2023,4,10
2111,2023-10-12,2023,4,10
2112,2023-10-13,2023,4,10
2113,2023-10-14,2023,4,10
2114,2023-10-15,2023,4,10
2115,2023-10-16,2023,4,10
2116,2023-10-17,2023,4,10
2117,2023-10-18,2023,4,10
2118,2023-10-19,2023,4,10
2119,2023-10-20,2023,4,10
2120,2023-10-21,2023,4,10
2121,2023-10-22,2023,4,10
2122,2023-10-23,2023,4,10
2123,2023-10-24,2023,4,10
2124,2023-10-25,2023,4,10
2125,2023-10-26,2023,4,10
2126,2023-10-27,2023,4,10
2127,2023-10-28,2023,4,10
2128,2023-10-29,2023,4,10
2129,2023-10-30,2023,4,10
2130,2023-10-31,2023,4,10
2131,2023-11-01,2023,4,11
2132,2023-11-02,2023,4,11
2133,2023-11-03,2023,4,11
2134,2023-11-04,2023,4,11
2135,2023-11-05,2023,4,11
2136,2023-11-06,2023,4,11
2137,2023-11-07,2023,4,11
2138,2023-11-08,2023,4,11
2139,2023-11-09,2023,4,11
2140,2023-11-10,2023,4,11
2141,2023-11-11,2023,4,11
2142,2023-11-12,2023,4,11
2143,2023-11-13,2023,4,11
2144,2023-11-14,2023,4,11
2145,2023-11-15,2023,4,11
2146,2023-11-16,2023,4,11
2147,2023-11-17,2023,4,11
2148,2023-11-18,2023,4,11
2149,2023-11-19,2023,4,11
2150,2023-11-20,2023,4,11
2151,2023-11-21,2023,4,11
2152,2023-11-22,2023,4,11
2153,2023-11-23,2023,4,11
2154,2023-11-24,2023,4,11
2155,2023-11-25,2023,4,11
2156,2023-11-26,2023,4,11
2157,2023-11-27,2023,4,11
2158,2023-11-28,2023,4,11
2159,2023-11-29,2023,4,11
2160,2023-11-30,2023,4,11
2161,2023-12-01,2023,4,12
2162,2023-12-02,2023,4,12
2163,2023-12-03,2023,4,12
2164,2023-12-04,2023,4,12
2165,2023-12-05,2023,4,12
2166,2023-12-06,2023,4,12
2167,2023-12-07,2023,4,12
2168,2023-12-08,2023,4,12
2169,2023-12-09,2023,4,12
2170,2023-12-10,2023,4,12
2171,2023-12-11,2023,4,12
2172,2023-12-12,2023,4,12
2173,2023-12-13,2023,4,12
2174,2023-12-14,2023,4,12
2175,2023-12-15,2023,4,12
2176,2023-12-16,2023,4,12
2177,2023-12-17,2023,4,12
2178,2023-12-18,2023,4,12
2179,2023-12-19,2023,4,12
2180,2023-12-20,2023,4,12
2181,2023-12-21,2023,4,12
2182,2023-12-22,2023,4,12
2183,2023-12-23,2023,4,12
2184,2023-12-24,2023,4,12
2185,2023-12-25,2023,4,12
2186,2023-12-26,2023,4,12
2187,2023-12-27,2023,4,12
